{
  "losses": [
    0.006634392930035615,
    0.006701673769471633,
    0.006405961199022417,
    0.005966433103959165,
    0.006402922185821149
  ],
  "metrics": {
    "both": {
      "optimistic": {
        "adjusted_arithmetic_mean_rank": 1.136111111111111,
        "adjusted_arithmetic_mean_rank_index": -0.17525035765379116,
        "adjusted_hits_at_k": -0.2655756128397826,
        "adjusted_inverse_harmonic_mean_rank": -0.18149399743190364,
        "arithmetic_mean_rank": 5.087064676616915,
        "count": 402.0,
        "geometric_mean_rank": 4.305066963058207,
        "harmonic_mean_rank": 3.666748060117826,
        "hits_at_1": 0.0,
        "hits_at_10": 0.9328358208955224,
        "hits_at_3": 0.4054726368159204,
        "hits_at_5": 0.6069651741293532,
        "inverse_arithmetic_mean_rank": 0.19657701711491443,
        "inverse_geometric_mean_rank": 0.23228442404752428,
        "inverse_harmonic_mean_rank": 0.27272121880330835,
        "inverse_median_rank": 0.25,
        "median_absolute_deviation": 2.965204437011204,
        "median_rank": 4.0,
        "standard_deviation": 2.950652485526599,
        "variance": 8.706350090344298,
        "z_arithmetic_mean_rank": -4.9063824484746235,
        "z_hits_at_k": -1.3854585022145898,
        "z_inverse_harmonic_mean_rank": -8.299973821540025
      },
      "pessimistic": {
        "adjusted_arithmetic_mean_rank": 1.136111111111111,
        "adjusted_arithmetic_mean_rank_index": -0.17525035765379116,
        "adjusted_hits_at_k": -0.2655756128397826,
        "adjusted_inverse_harmonic_mean_rank": -0.18149399743190364,
        "arithmetic_mean_rank": 5.087064676616915,
        "count": 402.0,
        "geometric_mean_rank": 4.305066963058207,
        "harmonic_mean_rank": 3.666748060117826,
        "hits_at_1": 0.0,
        "hits_at_10": 0.9328358208955224,
        "hits_at_3": 0.4054726368159204,
        "hits_at_5": 0.6069651741293532,
        "inverse_arithmetic_mean_rank": 0.19657701711491443,
        "inverse_geometric_mean_rank": 0.23228442404752428,
        "inverse_harmonic_mean_rank": 0.27272121880330835,
        "inverse_median_rank": 0.25,
        "median_absolute_deviation": 2.965204437011204,
        "median_rank": 4.0,
        "standard_deviation": 2.950652485526599,
        "variance": 8.706350090344298,
        "z_arithmetic_mean_rank": -4.9063824484746235,
        "z_hits_at_k": -1.3854585022145898,
        "z_inverse_harmonic_mean_rank": -8.299973821540025
      },
      "realistic": {
        "adjusted_arithmetic_mean_rank": 1.136111125946045,
        "adjusted_arithmetic_mean_rank_index": -0.17525037675456434,
        "adjusted_hits_at_k": -0.2655756128397826,
        "adjusted_inverse_harmonic_mean_rank": -0.18149399743190364,
        "arithmetic_mean_rank": 5.087064743041992,
        "count": 402.0,
        "geometric_mean_rank": 4.30506706237793,
        "harmonic_mean_rank": 3.666748179428471,
        "hits_at_1": 0.0,
        "hits_at_10": 0.9328358208955224,
        "hits_at_3": 0.4054726368159204,
        "hits_at_5": 0.6069651741293532,
        "inverse_arithmetic_mean_rank": 0.1965770125389099,
        "inverse_geometric_mean_rank": 0.23228441178798676,
        "inverse_harmonic_mean_rank": 0.27272121880330835,
        "inverse_median_rank": 0.25,
        "median_absolute_deviation": 2.965204437011204,
        "median_rank": 4.0,
        "standard_deviation": 2.9506523609161377,
        "variance": 8.70634937286377,
        "z_arithmetic_mean_rank": -4.906382983227871,
        "z_hits_at_k": -1.3854585022145898,
        "z_inverse_harmonic_mean_rank": -8.299973821540025
      }
    },
    "head": {
      "optimistic": {
        "adjusted_arithmetic_mean_rank": 1.1125071387778411,
        "adjusted_arithmetic_mean_rank_index": -0.14603409933283906,
        "adjusted_hits_at_k": 0.05598692276256756,
        "adjusted_inverse_harmonic_mean_rank": -0.19238352251292484,
        "arithmetic_mean_rank": 4.845771144278607,
        "count": 201.0,
        "geometric_mean_rank": 4.095775387953181,
        "harmonic_mean_rank": 3.4985921076884017,
        "hits_at_1": 0.0,
        "hits_at_10": 0.9502487562189055,
        "hits_at_3": 0.4626865671641791,
        "hits_at_5": 0.6218905472636815,
        "inverse_arithmetic_mean_rank": 0.20636550308008214,
        "inverse_geometric_mean_rank": 0.2441540136554556,
        "inverse_harmonic_mean_rank": 0.2858292619486649,
        "inverse_median_rank": 0.25,
        "median_absolute_deviation": 2.965204437011204,
        "median_rank": 4.0,
        "standard_deviation": 2.840904930342962,
        "variance": 8.070740823246949,
        "z_arithmetic_mean_rank": -2.8384281351826814,
        "z_hits_at_k": 0.20573301084085927,
        "z_inverse_harmonic_mean_rank": -6.076141566292915
      },
      "pessimistic": {
        "adjusted_arithmetic_mean_rank": 1.1125071387778411,
        "adjusted_arithmetic_mean_rank_index": -0.14603409933283906,
        "adjusted_hits_at_k": 0.05598692276256756,
        "adjusted_inverse_harmonic_mean_rank": -0.19238352251292484,
        "arithmetic_mean_rank": 4.845771144278607,
        "count": 201.0,
        "geometric_mean_rank": 4.095775387953181,
        "harmonic_mean_rank": 3.4985921076884017,
        "hits_at_1": 0.0,
        "hits_at_10": 0.9502487562189055,
        "hits_at_3": 0.4626865671641791,
        "hits_at_5": 0.6218905472636815,
        "inverse_arithmetic_mean_rank": 0.20636550308008214,
        "inverse_geometric_mean_rank": 0.2441540136554556,
        "inverse_harmonic_mean_rank": 0.2858292619486649,
        "inverse_median_rank": 0.25,
        "median_absolute_deviation": 2.965204437011204,
        "median_rank": 4.0,
        "standard_deviation": 2.840904930342962,
        "variance": 8.070740823246949,
        "z_arithmetic_mean_rank": -2.8384281351826814,
        "z_hits_at_k": 0.20573301084085927,
        "z_inverse_harmonic_mean_rank": -6.076141566292915
      },
      "realistic": {
        "adjusted_arithmetic_mean_rank": 1.1125071774476736,
        "adjusted_arithmetic_mean_rank_index": -0.14603414952622407,
        "adjusted_hits_at_k": 0.05598692276256756,
        "adjusted_inverse_harmonic_mean_rank": -0.19238352251292484,
        "arithmetic_mean_rank": 4.845771312713623,
        "count": 201.0,
        "geometric_mean_rank": 4.095775604248047,
        "harmonic_mean_rank": 3.4985920228750302,
        "hits_at_1": 0.0,
        "hits_at_10": 0.9502487562189055,
        "hits_at_3": 0.4626865671641791,
        "hits_at_5": 0.6218905472636815,
        "inverse_arithmetic_mean_rank": 0.20636549592018127,
        "inverse_geometric_mean_rank": 0.24415400624275208,
        "inverse_harmonic_mean_rank": 0.2858292619486649,
        "inverse_median_rank": 0.25,
        "median_absolute_deviation": 2.965204437011204,
        "median_rank": 4.0,
        "standard_deviation": 2.84090518951416,
        "variance": 8.070741653442383,
        "z_arithmetic_mean_rank": -2.8384291107789075,
        "z_hits_at_k": 0.20573301084085927,
        "z_inverse_harmonic_mean_rank": -6.076141566292915
      }
    },
    "tail": {
      "optimistic": {
        "adjusted_arithmetic_mean_rank": 1.1584640346133044,
        "adjusted_arithmetic_mean_rank_index": -0.20248790601243938,
        "adjusted_hits_at_k": -0.5827068251925986,
        "adjusted_inverse_harmonic_mean_rank": -0.17117686915835562,
        "arithmetic_mean_rank": 5.3283582089552235,
        "count": 201.0,
        "geometric_mean_rank": 4.52505320748977,
        "harmonic_mean_rank": 3.851884625907933,
        "hits_at_1": 0.0,
        "hits_at_10": 0.9154228855721394,
        "hits_at_3": 0.3482587064676617,
        "hits_at_5": 0.5920398009950248,
        "inverse_arithmetic_mean_rank": 0.18767507002801123,