{
  "losses": [
    0.006180326917662692,
    0.006210021712073129,
    0.00595180383279695,
    0.0060090710170304954,
    0.005728442240600011
  ],
  "metrics": {
    "both": {
      "optimistic": {
        "adjusted_arithmetic_mean_rank": 1.0677777777777777,
        "adjusted_arithmetic_mean_rank_index": -0.08726752503576551,
        "adjusted_hits_at_k": 0.06253658308164134,
        "adjusted_inverse_harmonic_mean_rank": -0.15695665097056716,
        "arithmetic_mean_rank": 4.781094527363184,
        "count": 402.0,
        "geometric_mean_rank": 4.050261348510409,
        "harmonic_mean_rank": 3.4743286155457827,
        "hits_at_1": 0.0,
        "hits_at_10": 0.9502487562189055,
        "hits_at_3": 0.42786069651741293,
        "hits_at_5": 0.6716417910447762,
        "inverse_arithmetic_mean_rank": 0.20915712799167535,
        "inverse_geometric_mean_rank": 0.2468976478191405,
        "inverse_harmonic_mean_rank": 0.287825393235841,
        "inverse_median_rank": 0.25,
        "median_absolute_deviation": 2.965204437011204,
        "median_rank": 4.0,
        "standard_deviation": 2.8305091214456395,
        "variance": 8.011781886586967,
        "z_arithmetic_mean_rank": -2.443178198832257,
        "z_hits_at_k": 0.32624170496475813,
        "z_inverse_harmonic_mean_rank": -7.177846720033195
      },
      "pessimistic": {
        "adjusted_arithmetic_mean_rank": 1.0677777777777777,
        "adjusted_arithmetic_mean_rank_index": -0.08726752503576551,
        "adjusted_hits_at_k": 0.06253658308164134,
        "adjusted_inverse_harmonic_mean_rank": -0.15695665097056716,
        "arithmetic_mean_rank": 4.781094527363184,
        "count": 402.0,
        "geometric_mean_rank": 4.050261348510409,
        "harmonic_mean_rank": 3.4743286155457827,
        "hits_at_1": 0.0,
        "hits_at_10": 0.9502487562189055,
        "hits_at_3": 0.42786069651741293,
        "hits_at_5": 0.6716417910447762,
        "inverse_arithmetic_mean_rank": 0.20915712799167535,
        "inverse_geometric_mean_rank": 0.2468976478191405,
        "inverse_harmonic_mean_rank": 0.287825393235841,
        "inverse_median_rank": 0.25,
        "median_absolute_deviation": 2.965204437011204,
        "median_rank": 4.0,
        "standard_deviation": 2.8305091214456395,
        "variance": 8.011781886586967,
        "z_arithmetic_mean_rank": -2.443178198832257,
        "z_hits_at_k": 0.32624170496475813,
        "z_inverse_harmonic_mean_rank": -7.177846720033195
      },
      "realistic": {
        "adjusted_arithmetic_mean_rank": 1.0677777830759685,
        "adjusted_arithmetic_mean_rank_index": -0.08726753185747027,
        "adjusted_hits_at_k": 0.06253658308164134,
        "adjusted_inverse_harmonic_mean_rank": -0.15695665097056716,
        "arithmetic_mean_rank": 4.781094551086426,
        "count": 402.0,
        "geometric_mean_rank": 4.050261497497559,
        "harmonic_mean_rank": 3.474328541496547,
        "hits_at_1": 0.0,
        "hits_at_10": 0.9502487562189055,
        "hits_at_3": 0.42786069651741293,
        "hits_at_5": 0.6716417910447762,
        "inverse_arithmetic_mean_rank": 0.20915712416172028,
        "inverse_geometric_mean_rank": 0.2468976378440857,
        "inverse_harmonic_mean_rank": 0.287825393235841,
        "inverse_median_rank": 0.25,
        "median_absolute_deviation": 2.965204437011204,
        "median_rank": 4.0,
        "standard_deviation": 2.8305091857910156,
        "variance": 8.011781692504883,
        "z_arithmetic_mean_rank": -2.4431783898155643,
        "z_hits_at_k": 0.32624170496475813,
        "z_inverse_harmonic_mean_rank": -7.177846720033195
      }
    },
    "head": {
      "optimistic": {
        "adjusted_arithmetic_mean_rank": 1.1033695031410622,
        "adjusted_arithmetic_mean_rank_index": -0.13417346182357304,
        "adjusted_hits_at_k": -0.03841438496117533,
        "adjusted_inverse_harmonic_mean_rank": -0.1891099526581106,
        "arithmetic_mean_rank": 4.8059701492537314,
        "count": 201.0,
        "geometric_mean_rank": 4.058060605660821,
        "harmonic_mean_rank": 3.474756545898465,
        "hits_at_1": 0.0,
        "hits_at_10": 0.945273631840796,
        "hits_at_3": 0.43283582089552236,
        "hits_at_5": 0.6666666666666666,
        "inverse_arithmetic_mean_rank": 0.2080745341614907,
        "inverse_geometric_mean_rank": 0.2464231309421655,
        "inverse_harmonic_mean_rank": 0.2877899463720359,
        "inverse_median_rank": 0.25,
        "median_absolute_deviation": 2.965204437011204,
        "median_rank": 4.0,
        "standard_deviation": 2.8888470008177674,
        "variance": 8.34543699413381,
        "z_arithmetic_mean_rank": -2.607895900853123,
        "z_hits_at_k": -0.1411598760513897,
        "z_inverse_harmonic_mean_rank": -5.972750830926458
      },
      "pessimistic": {
        "adjusted_arithmetic_mean_rank": 1.1033695031410622,
        "adjusted_arithmetic_mean_rank_index": -0.13417346182357304,
        "adjusted_hits_at_k": -0.03841438496117533,
        "adjusted_inverse_harmonic_mean_rank": -0.1891099526581106,
        "arithmetic_mean_rank": 4.8059701492537314,
        "count": 201.0,
        "geometric_mean_rank": 4.058060605660821,
        "harmonic_mean_rank": 3.474756545898465,
        "hits_at_1": 0.0,
        "hits_at_10": 0.945273631840796,
        "hits_at_3": 0.43283582089552236,
        "hits_at_5": 0.6666666666666666,
        "inverse_arithmetic_mean_rank": 0.2080745341614907,
        "inverse_geometric_mean_rank": 0.2464231309421655,
        "inverse_harmonic_mean_rank": 0.2877899463720359,
        "inverse_median_rank": 0.25,
        "median_absolute_deviation": 2.965204437011204,
        "median_rank": 4.0,
        "standard_deviation": 2.8888470008177674,
        "variance": 8.34543699413381,
        "z_arithmetic_mean_rank": -2.607895900853123,
        "z_hits_at_k": -0.1411598760513897,
        "z_inverse_harmonic_mean_rank": -5.972750830926458
      },
      "realistic": {
        "adjusted_arithmetic_mean_rank": 1.1033695129446817,
        "adjusted_arithmetic_mean_rank_index": -0.13417347454865647,
        "adjusted_hits_at_k": -0.03841438496117533,
        "adjusted_inverse_harmonic_mean_rank": -0.1891099526581106,
        "arithmetic_mean_rank": 4.805970191955566,
        "count": 201.0,
        "geometric_mean_rank": 4.058060646057129,
        "harmonic_mean_rank": 3.474756533994763,
        "hits_at_1": 0.0,
        "hits_at_10": 0.945273631840796,
        "hits_at_3": 0.43283582089552236,
        "hits_at_5": 0.6666666666666666,
        "inverse_arithmetic_mean_rank": 0.20807452499866486,
        "inverse_geometric_mean_rank": 0.2464231252670288,
        "inverse_harmonic_mean_rank": 0.2877899463720359,
        "inverse_median_rank": 0.25,
        "median_absolute_deviation": 2.965204437011204,
        "median_rank": 4.0,
        "standard_deviation": 2.8888468742370605,
        "variance": 8.345436096191406,
        "z_arithmetic_mean_rank": -2.607896148187379,
        "z_hits_at_k": -0.1411598760513897,
        "z_inverse_harmonic_mean_rank": -5.972750830926458
      }
    },
    "tail": {
      "optimistic": {
        "adjusted_arithmetic_mean_rank": 1.0340724716062737,
        "adjusted_arithmetic_mean_rank_index": -0.04353835521769178,
        "adjusted_hits_at_k": 0.16209638666273918,
        "adjusted_inverse_harmonic_mean_rank": -0.12649345487520852,
        "arithmetic_mean_rank": 4.756218905472637,
        "count": 201.0,
        "geometric_mean_rank": 4.042477080887758,
        "harmonic_mean_rank": 3.4739007905828365,
        "hits_at_1": 0.0,
        "hits_at_10": 0.9552238805970149,
        "hits_at_3": 0.4228855721393035,
        "hits_at_5": 0.6766169154228856,
        "inverse_arithmetic_mean_rank": 0.2102510460251046,